"event_ticker.kalshi","event_title.kalshi","event_id.polym","event_title.polym","same_question"
"KXNEWPOPE-70","Who will the next Pope be?",19581,"Who will be the next Pope?","TRUE"
"KXNEWPOPEDATE-25","When will the next Pope be announced?",23185,"New Pope announced by...?","FALSE"
"KXPOPEVISITNEXT-26","Which country will the Pope visit next?",24207,"Which country will Pope Leo visit first?","FALSE"
"KXOSCARGUESTS-25","Who will attend the Oscars?",19598,"Who will attend the Oscars?","TRUE"
"KXOSCARWIN-97","Which movie will win the most Oscars?",19002,"Which movie will win the most Oscars?","TRUE"
"KXRTALIENEARTH","""Alien: Earth"" Rotten Tomatoes score?",33874,"""Alien: Earth"" Rotten Tomatoes score?","TRUE"
"KXRTAMERICANA","""Americana"" Rotten Tomatoes score?",32800,"""Americana"" Rotten Tomatoes score?","TRUE"
"KXRTCAPTAINAMERICA","""Captain America: Brave New World"" Rotten Tomatoes score?",17404,"""Captain America: Brave New World"" Rotten Tomatoes score?","TRUE"
"KXRTCAUGHTSTEALING","""Caught Stealing"" Rotten Tomatoes score?",39859,"""Caught Stealing"" Rotten Tomatoes score?","TRUE"
"KXRTF1","""F1"" Rotten Tomatoes score?",26838,"""F1"" Rotten Tomatoes score?","TRUE"
"KXRTFANTASTICFOUR","""The Fantastic Four: First Steps"" Rotten Tomatoes score?",32763,"""The Fantastic Four: First Steps"" Rotten Tomatoes score?","TRUE"
"KXRTFIGHTORFLIGHT","""Fight or Flight"" Rotten Tomatoes score?",22815,"""Fight or Flight"" Rotten Tomatoes score?","TRUE"
"KXRTHIM","""Him"" Rotten Tomatoes score?",39864,"""Him"" Rotten Tomatoes score?","TRUE"
"KXRTLILOANDSTITCH","""Lilo & Stitch"" Rotten Tomatoes score?",24797,"""Lilo & Stitch"" Rotten Tomatoes score?","TRUE"
"KXRTMINECRAFT","""A Minecraft Movie"" Rotten Tomatoes score?",21642,"""A Minecraft Movie"" Rotten Tomatoes score?","TRUE"
"KXRTMOANA2","""Moana 2"" Rotten Tomatoes score?",14845,"""Moana 2"" Rotten Tomatoes score?","TRUE"
"KXRTNOBODY2","""Nobody 2"" Rotten Tomatoes score?",32801,"""Nobody 2"" Rotten Tomatoes score?","TRUE"
"KXRTROOFMAN","""Roofman"" Rotten Tomatoes score?",57135,"""Roofman"" Rotten Tomatoes score?","TRUE"
"KXRTSMURFS","""Smurfs"" Rotten Tomatoes score?",26841,"""Smurfs"" Rotten Tomatoes score?","TRUE"
"KXRTSUPERMAN","""Superman"" Rotten Tomatoes score?",26840,"""Superman"" Rotten Tomatoes score?","TRUE"
"KXRTTHESMASHINGMACHINE","""The Smashing Machine"" Rotten Tomatoes score?",41312,"""The Smashing Machine"" Rotten Tomatoes score?","TRUE"
"KXRTTHUNDERBOLTS","""Thunderbolts"" Rotten Tomatoes score?",22814,"""Thunderbolts"" Rotten Tomatoes score?","TRUE"
"KXRTWEAPONS","""Weapons"" Rotten Tomatoes score?",32770,"""Weapons"" Rotten Tomatoes score?","TRUE"
"RTWITCHERS4","""The Witcher: Season 4"" Rotten Tomatoes score?",33872,"""The Witcher: Season 4"" Rotten Tomatoes score?","TRUE"
"KXTOP10TAYLORSWIFT-25OCT18-TAY","Taylor Swift holds top ten spots on the Billboard Hot 100 for the week of October 18th?",37575,"Taylor Swift holds top ten spots on the Billboard Hot 100 for the week of October 18th?","TRUE"
"KXTOPALBUMRECORDTLOASG-TLOASG","How many straight weeks will 'The Life of a Showgirl' be #1?",37219,"How many straight weeks will 'The Life of a Showgirl' be #1?","TRUE"
"KXRTHOWTOTRAINYOURDRAGON","""How to Train Your Dragon"" Rotten Tomatoes score?",25225,"""How to Train Your Dragon"" Rotten Tomatoes score?","TRUE"
"KXRTROSES","""The Roses"" Rotten Tomatoes score?",39858,"""The Roses"" Rotten Tomatoes score?","TRUE"
"KXRTJWBALLERINA","""From the World of John Wick: Ballerina"" Rotten Tomatoes score?",25226,"""From the World of John Wick: Ballerina"" Rotten Tomatoes score?","TRUE"
"KXRTDOWNTONABBEY","""Downton Abbey: The Grand Finale"" Rotten Tomatoes score?",39867,"""Downton Abbey: The Grand Finale"" Rotten Tomatoes score?","TRUE"
"KXRTKARATEKIDLEGENDS","""Karate Kid: Legends"" Rotten Tomatoes score?",25224,"""Karate Kid: Legends"" Rotten Tomatoes score?","TRUE"
"KXRTBLACKPHONE2","""Black Phone 2"" Rotten Tomatoes score?",52708,"""Black Phone 2"" Rotten Tomatoes score?","TRUE"
"KXRTCONJURING","""The Conjuring: Last Rites"" Rotten Tomatoes score?",39865,"""The Conjuring: Last Rites"" Rotten Tomatoes score?","TRUE"
"KXRTHAPPYGILMORE2","""Happy Gilmore 2"" Rotten Tomatoes score?",32733,"""Happy Gilmore 2"" Rotten Tomatoes score?","TRUE"
"KXRTTHELONGWALK","""The Long Walk"" Rotten Tomatoes score?",41306,"""The Long Walk"" Rotten Tomatoes score?","TRUE"
"KXRTACCOUNTANT2","""The Accountant 2"" Rotten Tomatoes score?",22811,"""The Accountant 2"" Rotten Tomatoes score?","TRUE"
"KXMISSIONIMPOSSIBLE","""Mission: Impossible – The Final Reckoning"" Rotten Tomatoes score?",22813,"""Mission: Impossible – The Final Reckoning"" Rotten Tomatoes score?","TRUE"
"KXRTNAKEDGUN","""The Naked Gun"" Rotten Tomatoes score?",32773,"""The Naked Gun"" Rotten Tomatoes score?","TRUE"
"KXRTONEBATTLEAFTERANOTHER","""One Battle After Another"" Rotten Tomatoes score?",39863,"""One Battle After Another"" Rotten Tomatoes score?","TRUE"
"KXRTJURASSICWORLDREBIRTH","""Jurassic World Rebirth"" Rotten Tomatoes score?",26839,"""Jurassic World: Rebirth"" Rotten Tomatoes score?","TRUE"
"KXSPOTIFYALBUMTSWIFT-25","When will Taylor Swift release 'The Life of a Showgirl'?",37163,"When will Taylor Swift release “The Life of a Showgirl”?","TRUE"
"KXRTTHEAMATEUR","""The Amateur"" Rotten Tomatoes score?",22496,"'The Amateur' Rotten Tomatoes score?","TRUE"
"KXTOP10SABRINAC-25SEP13-SAB","Sabrina Carpenter holds top ten spots on the Billboard Hot 100 for the week of September 13th?",40071,"Sabrina Carpenter holds 3 top 10 spots on Billboard Hot 100 for week of September 13th?","FALSE"
"KXOSCARCOUNTWICKED","How many Oscars will “Wicked” win?",19005,"How many Oscars will 'Wicked' win?","TRUE"
"KXOSCARCOUNTBRUTALIST","How many Oscars will “The Brutalist” win?",19003,"How many Oscars will 'The Brutalist' win?","TRUE"
"KXEUROVISIONHOST-26","Which city will host Eurovision in 2026?",26655,"Which city will host Eurovision 2026?","TRUE"
"KXTOPPOP","Who will be the Billboard’s #1 pop star of the century?",14233,"Who will be the Billboard #1 pop star of the century?","TRUE"
"KXRTSONIC3","""Sonic The Hedgehog 3"" Rotten Tomatoes score?",15362,"""Sonic 3"" Rotten Tomatoes score?","TRUE"
"KXELONATTEND-25","Will Elon Musk attend any UFC event this year?",37981,"Will Elon Musk attend a UFC event by December 31?","TRUE"
"KXMCBORDERLANDSFOUR","""Borderlands 4"" Metacritic score?",34901,"""Borderlands 4"" Metacritic Score","TRUE"
"KXMCHKSILKSONG","""Hollow Knight: Silksong"" Metacritic score?",39837,"""Hollow Knight: Silksong"" Metacritic Score","TRUE"
"KXPLAYBOICARTI-25","Will Playboi Carti release another album this year?",21641,"Will Playboi Carti release another album before August?","FALSE"
"KXEUROVISION-25","Eurovision Winner 2025?",17738,"Eurovision Winner 2025","TRUE"
"KXRTMUFASA","""Mufasa"" Rotten Tomatoes score?",15343,"""Mufasa: The Lion King"" Rotten Tomatoes score?","TRUE"
"KXMCMETALGEARSOLIDDELTASNAKEEATER","""Metal Gear Solid Delta: Snake Eater"" Metacritic score?",34900,"""Metal Gear Solid Delta: Snake Eater"" Metacritic Score","TRUE"
"KXOSCARCOUNTEMILIAPEREZ","How many Oscars will “Emilia Perez” win?",17791,"How many Oscars will 'Emilia Pérez' win?","TRUE"
"KXKXTOPTENJUSTINBIEBER-25JUL26-JUS","Justin Bieber holds top ten spots on the Billboard Hot 100 for the week of July 26?",41920,"Justin Bieber holds 2 top 10 spots on Billboard Hot 100 for week of September 20th?","FALSE"
"KXLEASTSTREAMEDSONGTLOASG-25OCT10","Least streamed song on 'The Life of a Showgirl' by Oct 10th?",53251,"Least streamed song on The Life of a Showgirl by Oct 10th?","TRUE"
"KXMOSTSTREAMESTSTLOASG-25OCT10","Most streamed song on 'The Life of a Showgirl' by Oct 10th?",52393,"Most streamed song on 'The Life of a Showgirl' by Oct 10th?","TRUE"
"KXWL-25","Who will die in the White Lotus season 3 finale?",22022,"Who will die on The White Lotus (S3)?","TRUE"
"KXMCPOKEMONLEGENDSZA","""Pokemon Legends: Z-A"" Metacritic score?",34902,"""Pokémon Legends: Z-A"" Metacritic Score","TRUE"
"KXRTTRONARES","""Tron: Ares"" Rotten Tomatoes score?",41310,"""Trone: Ares"" Rotten Tomatoes score?","FALSE"
"KXCRITICSCINE-25","Critics Choice Award for Best Cinematography?",17799,"Critics' Choice: Best Cinematography","TRUE"
"KXRTSINNERS","""Sinners"" Rotten Tomatoes score?",22820,"""Sinners"" Rotten Tomatoes score >95?","FALSE"
"KXTIMEHUMAN-25","TIME's Person of the Year for 2025 is a human?",53041,"Will TIME's Person of the Year for 2025 be a human?","TRUE"
"KXGRAMBCS-67","Grammy for Best Country Song?",16986,"Grammys: Best Country Song","TRUE"
"KXGRAMBRBS-67","Grammy for Best R&B Song?",16988,"Grammys: Best R&B Song","TRUE"
"KXCRITICSLSERIESACTR-25","Critics Choice Award for Best Supporting Actress?",17798,"Critics' Choice: Best Supporting Actress","TRUE"
"KXGRAMBCA-67","Grammy for Best Country Album?",16803,"Grammys: Best Country Album","TRUE"
"KXCRITICSACTR-25","Critics Choice Award for Best Actress?",17795,"Critics' Choice: Best Actress","TRUE"
"KXCRITICSFOREIGN-25","Critics Choice Award for Best Foreign Language Film?",17800,"Critics' Choice: Best Foreign Language Film","TRUE"
"NEWALBUMKDOT-24","When will Kendrick Lamar release a new album?",14829,"Will Kendrick Lamar release another album in 2024?","FALSE"
"KXMIRAGE-25","When will The Brooklyn Mirage re-open in 2025?",23266,"Will the Brooklyn Mirage reopen by May 1?","FALSE"
"KXTRUMPUFC-26JAN01","Will Trump attend another UFC event this year?",31885,"Will Trump attend UFC 318?","TRUE"
"KX1SONGJUSTINBIEBER-DEC2726","Will Justin Bieber have a #1 hit?",41862,"Will a Justin Bieber song reach #1 this year?","TRUE"
"KXTIMEPOTYWOMAN-25","TIME's Person of the Year for 2025 is a woman?",32288,"Will TIME's Person of the Year for 2025 be a woman?","TRUE"
"GTA6","GTA 6 release date?",902538,"GTA 6 release date by end of year?","The two questions are not logically equivalent. Question 1 asks for the release date of GTA 6, while Question 2 specifies a timeframe by asking if it will be released by the end of the year. The two questions could have different answers. Therefore, the answer is FALSE."
"KXDRAKEUMGSUIT-27","Will Drake win his lawsuit against UMG?",21164,"Drake's lawsuit vs. UMG dismissed before July?","FALSE"
"KXZUCKMUSK-25","Will Zuckerberg and Musk fight this year?",902300,"Will Musk fight Zuck in 2023?","TRUE"
"KXESPYBESTATHLETEWOMEN-25","Best Athlete – Women’s Sports winner at the ESPYS?",32566,"ESPYS: Best Athlete - Women's Sports","TRUE"
"KXENGAGEMENTTIMOTHEEKYLIE-25","Will Timothée Chalamet and Kylie Jenner be engaged in 2025?",23328,"Timothée Chalamet and Kylie Jenner engaged in 2025?","TRUE"
"KXESPYTENNIS-25","Best Tennis Player winner at the ESPYS?",32608,"ESPYS: Best Tennis Player","TRUE"
"KXMRBEAST50M-25DEC31","Will any Mr. Beast video get more than 50 million views a week after upload?",4994,"Will MrBeast's next Youtube video get over 50M views in its first week?","TRUE"
"KXBTS-26","Will BTS announce a world tour in 2025?",16191,"Will BTS announce a new world tour in 2025?","TRUE"
"KXESPYSOCCER-25","Best Soccer Player winner at the ESPYS?",32606,"ESPYS: Best Soccer Player","TRUE"
"KXESPYBESTATHLETEMEN-25","Best Athlete – Men’s Sports winner at the ESPYS?",32564,"ESPYS: Best Athlete - Men's Sports","TRUE"
"KXTOP10BILLBOARDSPOTJB-25","How many spots on the Billboard Hot 100's top 10 will Justin Bieber hold for the week of Sep 20th?",41861,"Justin Bieber holds 2 top 10 spots on Billboard Hot 100 for week of September 13th?","FALSE"
"KXSUPERBOWLHEADLINE-26","Who will headline the Pro Football Championship halftime show?",28829,"Who will perform at Super Bowl halftime show?","TRUE"
"KXOSCARNOMSBANIMATEDF-26","Oscar nominations for Best Animated Feature Film?",903569,"Oscars: Best Animated Feature Film","TRUE"
"KXOSCARINTLFILM-25","Oscar for Best International Feature Film?",19070,"Oscars: Best  International Feature Film","TRUE"
"DONDA2-22FEB22","Donda 2 release by Feb 22, 2022?",3701,"Will Kanye West release 'Donda 2' (or another new album) by 2/22/22?","TRUE"
"KXTAYLORSWIFTWEDDINGATTEND-28DEC31","Who will attend Taylor Swift and Travis Kelce's Wedding?",39839,"Taylor Swift x Travis Kelce get married by...?","FALSE"
"KXESPYMLB-25","Best Baseball Player winner at the ESPYS?",32599,"ESPYS: Best MLB Player","FALSE"
"KXANIMEBSC-25","2025 Crunchyroll Anime Award for Best Supporting Character?",24522,"Crunchyroll: Best Supporting Character","TRUE"
"KXGRAMMYCOUNTBILLIE","How many Grammys will Billie Eilish win?",3983,"GRAMMYs 2022: Will Billie Eilish win a Grammy?","TRUE"
"KXSPOTIFYSONG-25","Who will release a new song this year?",57026,"Which artists will release a new song before 2026?","FALSE"
"KXYTUBESUBSKAICENAT-25","How many subscribers will Kai Cenat get in 2025?",40694,"Will Kai Cenat hit 1m Twitch subscribers by September 15th?","FALSE"
"KXHULKHOGANATTEND-26","Who will attend Hulk Hogan's funeral?",34040,"Will Trump attend Hulk Hogan's funeral?","FALSE"
"KXEUROVISIONJURY-25","Eurovision: who will win the Jury Vote?",22893,"Eurovision 2025: Jury Winner","TRUE"
"KXOSCARNOMBCASTING-26","Oscar nominations for Achievement in Casting?",50408,"Oscars 2026: Achievement in Casting Nominations","TRUE"
"KXGRAMMYNOMBRA-68","2026 Grammy nominations for Best Rap Album?",56676,"Grammys: Best Rap Album Nominations","TRUE"
"KXNORWAYPF-25SEP08","Will the Patient Focus (PF) win a seat in the Norwegian Election?",38544,"Will the Patient Focus (PF) win a seat in Norwegian Election?","TRUE"
"KXMAYORCHI-27","Who will win Chicago Mayoral Election?",901219,"Who will win the Chicago Mayoral Election?","TRUE"
"KXMOLDOVAMAJORITY-25SEP28","Will PAS win a majority of seats in the Moldova Parliamentary election?",45010,"Will PAS win a majority of seats in Moldova elections?","TRUE"
"KXVOTEPERCENTNOFRP-25SEP08","Will the Progress Party (FrP) win over 22% of the vote in the Norwegian election?",38539,"Will the Progress Party (FrP) win 22% or more of vote in Norwegian election?","TRUE"
"KXNORWAYRED-25SEP08","How many seats will the Red Bloc win in the Norwegian parliamentary election?",38549,"How many seats will the red bloc win in Norwegian Election?","TRUE"
"KXNORWAYLABOUR-25SEP08","How many seats will the Labour Party (Ap) win in the 2025 Norwegian general election?",41371,"How many seats will the Labour Party (Ap) win in Norwegian Election?","TRUE"
"KXLINKEPERCENT-25","Will the Left get 5% of the vote in the German election?",17241,"Will The Left wins 5% or more of vote in German election?","TRUE"
"KXNORWAYCON-25SEP08","How many seats will the Conservative Party (H) win in the 2025 Norwegian general election?",41372,"How many seats will the Conservative Party (H) win in Norwegian Election?","FALSE"
"KXCANGREENSEATS-25","How many seats will the Green Party win in the Canadian election?",21307,"# of seats the Green Party wins in Canadian Election?","TRUE"
"KXVOTEPERCENTNOLIB-25SEP08","Will the Liberal Party (V) win 4% or more of vote in the Norwegian election?",38552,"Liberal Party (V) wins 4% or more of vote in Norwegian election?","TRUE"
"KXCHILE1ROUND-25","Will a candidate win outright in Chile’s first round?",35722,"Will any presidential candidate win outright in the first round of the Chile's election?","TRUE"
"KXELECTIONMOVNJGOV-25NOV04","Margin of victory for Mikie Sherrill in New Jersey Governor election?",43172,"New Jersey Governor Election Mikie Sherrill margin of victory?","TRUE"
"KXPERUPRES-26","Who will win the next Peruvian presidential election?",3189,"Who will win the 2021 Peruvian Presidential Election?","TRUE"
"KXVIRGINIAHOUSEDEMS-25NOV04","How many seats will Democrats win in the Virginia House of Delegates?",42604,"How many seats will the Democrats win in the 2025 Virginia House of Delegates election?","FALSE"
"KXBOLIVIARUNOFF-25","Who will advance to Bolivia's Presidential Runoff?",36090,"Which candidates will advance to Bolivia’s presidential runoff?","TRUE"
"KXVOTEPERCENTPIRATES-25OCT04","Will the Pirates win 10% or more of vote in the Czech election?",39635,"Pirates wins 10% or more of vote in Czech election?","TRUE"
"KXFRENCHPRES-27","Who will win the 2027 French presidential election?",5787,"Who will win the 2022 French presidential election?","FALSE"
"KXARGENTINAPARTY","Which party will win the most seats in the Argentina Chamber of Deputies elections?",17821,"Which party gains most seats in Argentina Deputies Election?","TRUE"
"KXCOLOMBIAPRES-26","Who will win the next Colombian presidential election?",5822,"Who will win the 2022 Colombian presidential election?","TRUE"
"KXELECTIONMOVVA11-25SEP09","Democratic margin of victory in VA-11 special election?",42647,"Democratic Margin of victory in VA-11 special election at least 45%?","FALSE"
"KXELECTIONMOVVAGOV-25NOV04","Margin of victory for Abigail Spanberger in Virginia Governor election?",43173,"Virginia Governor Election Abigail Spanberger  margin of victory?","TRUE"
"KXBRPRES-26","Who will win the Brazil presidential election?",5796,"Who will win the 2022 Brazilian presidential election?","FALSE"
"KXPRESCHILER1-25NOV16","Who will win the first round of the 2025 Chile Presidential election?",4886,"Who will win the 2021 Chilean presidential elections?","FALSE"
"KXROMANIATOP-30","Who will be 1st in the Romanian election first round?",15196,"Which candidates will advance in Romanian Election 1st round?","FALSE"
"KXPCTVOTEMAM-26","Will Zohran Mamdani win at least 50% of the vote in the NYC Mayoral Election?",42290,"Zohran Mamdani % of vote in 2025 NYC mayoral election?","FALSE"
"KXVOTEPERCENTAUTO-25OCT04","What % of the vote will AUTO get in the Czech election?",39624,"AUTO % of vote in Czech Election?","TRUE"
"KXPCTVOTEMAMR1-25","Zohran Mamdani NYC Primary First Round Percent of Vote",28171,"Zohran Mamdani 1st round % of vote in NYC Dem mayoral primary?","TRUE"
"KXCANBQSEATS-25","How many seats will the Bloc Québécois win in the Canadian election?",21304,"# of seats Bloc Quebecois win in Canadian Election?","TRUE"
"KXVOTEPERCENTSTAN-25OCT04","Will STAN win 10% or more of the vote in the Czech election?",39634,"Starostové (STAN) wins 10% or more of vote in Czech election?","TRUE"
"PRESPARTYPA-24","Who will win Pennsylvania in the presidential election?",903667,"Who will win Pennsylvania?","TRUE"
"PRESPARTYNV-24","Who will win Nevada in the presidential election?",903637,"Who will win Nevada?","TRUE"
"KXCANLIBSEATS-25","How many seats will the Liberal Party win in the Canadian election?",21245,"# of seats Liberals win in Canadian Election?","TRUE"
"KXPRESTAIWAN-28","Who will win the next Taiwanese presidential election?",902772,"Taiwan Presidential Election: Who will win?","TRUE"
"KXVOTEPERCENTCUOMO-25NOV04","What % of the vote will Cuomo get in the NYC mayoral election?",42291,"Andrew Cuomo % of vote in 2025 NYC mayoral election?","TRUE"
"KXMAYORJERSEY-25","Who will win the Mayor election in Jersey City?",33838,"Jersey City Mayoral Election","FALSE"
"KXMAYORALBUQ-25","Who will win the Mayor election in Albuquerque?",33857,"Albuquerque Mayoral Election","FALSE"
"KXMAYORMINN-26","Who will win the Mayor election in Minneapolis?",33820,"Minneapolis Mayoral Election","FALSE"
"KXCANCONSEATS-25","How many seats will the Conservatives win in the Canadian election?",21182,"# seats Conservatives win in Canadian Election?","TRUE"
"KXJAMAICANHOR-26","Who will win Jamaica House of Representatives?",37341,"Jamaica House of Representatives Election Winner","TRUE"
"PRESPARTYAZ-24","Who will win Arizona in the presidential election?",903636,"Who will win Arizona?","TRUE"
"KXPCTVOTECUOR1-25","Andrew Cuomo NYC Primary First Round Percent of Vote",28202,"Andrew Cuomo 1st round % of vote in NYC Dem mayoral primary?","TRUE"
"KXELECTIONICOAST-26","Who will win Ivory Coast Presidential Election?",24214,"Ivory Coast Presidential Election","FALSE"
"KXNYCMAYOR2ND-25","Second place in NYC Mayoral election?",26863,"2nd Place in New York City Mayoral Election","TRUE"
"KXBOLIVIAFIRSTROUND-25","Who will win the first round of the Bolivian presidential election?",32586,"Bolivia Presidential Election 1st round winner?","TRUE"
"KXPARTYWINNL-25","Who will win the Netherlands general election?",902875,"Netherlands General Election: Which party will win the most seats?","TRUE"
"PRESPARTYRI-24","Who will win Rhode Island in the presidential election?",903670,"Rhode Island Presidential Election Winner","TRUE"
"KXCANNDPSEATS-25","How many seats will the New Democratic Party win in the Canadian election?",21305,"# of seats NDP win in Canadian Election?","TRUE"
"KXMAYORCLEV-25","Who will win the Mayor election in Cleveland?",33859,"Cleveland Mayoral Election","FALSE"
"KXMAYORNOLA-25","Who will win the Mayor election in New Orleans?",33842,"New Orleans Mayoral Election","FALSE"
"KXPRESNIGERIA-27","Who will win the next Nigerian presidential election?",899343,"Who will win the 2023 Nigerian Presidential Election?","TRUE"
"PRESPARTYMT-24","Who will win Montana in the presidential election?",903633,"Montana Presidential Election Winner","TRUE"
"KXVOTEPERCENTSLIWA-25NOV04","What % of the vote will Sliwa get in the NYC mayoral election?",42272,"Curtis Sliwa % of vote in 2025 NYC mayoral election?","TRUE"
"KXVOTEPERCENTMAMDANI-25NOV04","What % of the vote will Mamdani get in the NYC mayoral election?",32592,"How many boroughs will Mamdani win in NYC Mayoral Election?","FALSE"
"KXMAYORDETROIT-25","Who will win the Mayor election in Detroit?",33850,"Detroit Mayoral Election","FALSE"
"PRESPARTYNC-24","Who will win North Carolina in the presidential election?",4697,"Which party will win North Carolina in the 2020 presidential election?","TRUE"
"KXMAYORPITT-25","Who will win the Mayor election in Pittsburgh?",33861,"Pittsburgh Mayoral Election","FALSE"
"KXSECONDPLACENJGOVDNOM-25","Who will get second place in the New Jersey Democratic primary for Governor?",26483,"2nd Place in New Jersey Governor Democratic Primary","TRUE"
"PRESPARTYME-24","Who will win Maine in the presidential election?",903660,"Maine Presidential Election Winner","TRUE"
"PRESPARTYAK-24","Who will win Alaska in the presidential election?",903635,"Alaska Presidential Election Winner","TRUE"
"KXCDUPERCENT-25","What share of the vote will the CDU/CSU get in the German election?",15627,"CDU/CSU % of vote in German Election?","TRUE"
"PRESPARTYND-24","Who will win North Dakota in the presidential election?",903652,"North Dakota Presidential Election Winner","TRUE"
"KXNYCMAYORTHIRDPLACE-25","Who will be 3rd in the NYC Democratic Mayoral primary?",4105,"Who will come in second place in the 2021 Democratic Primary for Mayor of New York City?","FALSE"
"KXLISBONMAYOR-25OCT12","Who will win the 2025 Lisbon mayoral election?",41682,"Lisbon Mayoral Election","FALSE"
"PRESPARTYWY-24","Who will win Wyoming in the presidential election?",903684,"Wyoming Presidential Election Winner","TRUE"
"KXAFDPERCENT-25","What share of the vote will the AfD get in the German election?",15625,"AfD % of vote in German Election?","TRUE"
"PRESPARTYMI-24","Who will win Michigan in the presidential election?",903665,"Who will win Michigan?","TRUE"
"PRESPARTYID-24","Who will win Idaho in the presidential election?",903651,"Idaho Presidential Election Winner","TRUE"
"PRESPARTYHI-24","Who will win Hawaii in the presidential election?",903649,"Hawaii Presidential Election Winner","TRUE"
"PRESPARTYGA-24","Who will win Georgia in the presidential election?",3840,"Which party will win Georgia in the 2020 presidential election?","TRUE"
"PRESPARTYNM-24","Who will win New Mexico in the presidential election?",10169,"New Mexico Presidential Election Winner","TRUE"
"KXMAYORSEATTLE-25","Who will win the Mayor election in Seattle?",33847,"Seattle Mayoral Election","FALSE"
"KXPRESROMANIA24","Who will win the Romanian presidential election?",15369,"Romania Presidential Election 1st round winner?","TRUE"
"KXNY8D-26","Who will be the Democratic nominee for NY-8?",5948,"Who will win the Democratic nomination for the NY-10 House election?","FALSE"
"PRESPARTYNE1-24","Who will win NE-1 (Nebraska's first Congressional district) in the presidential election?",10164,"Nebraska's 1st Congressional District Presidential Election Winner","TRUE"
"KXCZECHTURNOUT-25OCT042","What will voter turnout be in the Czech election?",39637,"Turnout in 2025 Czech Parliamentary Election?","TRUE"
"PRESPARTYUT-24","Who will win Utah in the presidential election?",903676,"Utah Presidential Election Winner","TRUE"
"KXNORWAYSECOND-25SEP08-2","Who will finish 2nd in the Norway election?",38905,"Which Party wins 2nd most seats in Norway election?","TRUE"
"KXARGENTINAPRES-27","Who will win the next Argentine presidential election?",901930,"Argentina Presidential Election: Who will win?","TRUE"
"KXGUYANAPRES-25","Who will win the Guyana Presidential Election?",37346,"Guyana Presidential Election","FALSE"
"PRESPARTYSD-24","Who will win South Dakota in the presidential election?",903672,"South Dakota Presidential Election Winner","TRUE"
"PRESPARTYNE3-24","Who will win NE-3 (Nebraska's third Congressional district) in the presidential election?",10173,"Nebraska's 3rd Congressional District Presidential Election Winner","TRUE"
"PRESPARTYAR-24","Who will win Arkansas in the presidential election?",903638,"Arkansas Presidential Election Winner","TRUE"
"PRESPARTYVT-24","Who will win Vermont in the presidential election?",903677,"Vermont Presidential Election Winner","TRUE"
"KXGER2ND-25","Who will get 2nd in the German election?",15619,"Which Party wins 2nd most seats in German election?","TRUE"
"KXVOTEPERCENTNOLABOUR-25SEP08","What % of the vote will the Labour Party get in the Norwegian election?",38538,"Will the Labour Party (Ap) win 27% or more of vote in Norwegian election?","TRUE"
"PRESPARTYNE2-24","Who will win NE-2 (Nebraska's second Congressional district) in the presidential election?",10172,"Nebraska's 2nd Congressional District Presidential Election Winner","TRUE"
"PRESPARTYTX-24","Who will win Texas in the presidential election?",4488,"Which party will win Texas in the 2020 presidential election?","FALSE"
"PRESPARTYNE-24","Who will win Nebraska in the presidential election?",903634,"Nebraska Presidential Election Winner","TRUE"
"PRESPARTYDE-24","Who will win Delaware in the presidential election?",10166,"Delaware Presidential Election Winner","TRUE"
"KXGROENSEATS-25OCT29","How many seats will GroenLinks–PvdA win in the Netherlands election?",45469,"Netherlands parliamentary election: GroenLinks–PvdA seats","TRUE"
"PRESPARTYME1-24","Who will win ME-1 (Maine's first Congressional district) in the presidential election?",10174,"Maine's 1st Congressional District Presidential Election Winner","TRUE"
"KXDUTCHSECOND-25OCT29-2","Who will finish 2nd in the Netherlands general election?",26087,"Which Party wins 2nd most seats in Netherlands election?","TRUE"
"PRESPARTYMD-24","Who will win Maryland in the presidential election?",903663,"Maryland Presidential Election Winner","TRUE"
"PRESPARTYWI-24","Who will win Wisconsin in the presidential election?",903683,"Who will win Wisconsin?","TRUE"
"PRESPARTYME2-24","Who will win ME-2 (Maine's second Congressional district) in the presidential election?",10175,"Maine's 2nd Congressional District Presidential Election Winner","TRUE"
"KXBOLIVIASENATE-25","Who will win the next Bolivian Senate election?",34049,"Bolivia Senate Election Winner","TRUE"
"PRESPARTYFL-24","Who will win Florida in the presidential election?",3846,"Which party will win Florida in the 2020 presidential election?","TRUE"
"PRESPARTYTN-24","Who will win Tennessee in the presidential election?",903673,"Tennessee Presidential Election Winner","TRUE"
"PRESPARTYLA-24","Who will win Louisiana in the presidential election?",903659,"Louisiana Presidential Election Winner","TRUE"
"KXPRESCAMEROON-25OCT12","Who will win the 2025 Cameroon presidential election?",24208,"Cameroon Presidential Election","FALSE"
"PRESPARTYCT-24","Who will win Connecticut in the presidential election?",903642,"Connecticut Presidential Election Winner","TRUE"
"KXMAYORBOSTON-25","Who will win the Mayor election in Boston?",33846,"Boston Mayoral Election","FALSE"
"KXUKPARTY-29","Which party will win the next U.K. election?",10516,"Which party wins the most seats after UK Election?","FALSE"
"PRESPARTYIL-24","Who will win Illinois in the presidential election?",903653,"Illinois Presidential Election Winner","TRUE"
"KXJAPANHOUSE-28","Who will win the next Japanese general election?",13728,"Which party will win the most seats in Japanese general election?","FALSE"
"KXPORTUGALPRES-26FEB15","Who will win the 2026 Portugal presidential election?",34587,"Portugal Presidential Election","FALSE"
"PRESPARTYNJ-24","Who will win New Jersey in the presidential election?",903643,"New Jersey Presidential Election Winner","TRUE"
"KXNORWAYFOURTH-25SEP08-4","Who will finish 4th in the 2025 Norwegian parliamentary election?",38906,"Which Party wins 4th most seats in Norway election?","FALSE"
"PRESPARTYIA-24","Who will win Iowa in the presidential election?",903655,"Iowa Presidential Election Winner","TRUE"
"KXBOLIVIADEPUTIES-25","Who will win the next Bolivian Chamber of Deputies election?",34048,"Bolivia Chamber of Deputies Election Winner","TRUE"
"PRESPARTYMS-24","Who will win Mississippi in the presidential election?",903668,"Mississippi Presidential Election Winner","TRUE"
"PRESPARTYOK-24","Who will win Oklahoma in the presidential election?",903661,"Oklahoma Presidential Election Winner","TRUE"
"PRESPARTYMA-24","Who will win Massachusetts in the presidential election?",903662,"Massachusetts Presidential Election Winner","TRUE"
"PRESPARTYMO-24","Who will win Missouri in the presidential election?",903669,"Missouri Presidential Election Winner","TRUE"
"PRESPARTYSC-24","Who will win South Carolina in the presidential election?",903671,"South Carolina Presidential Election Winner","TRUE"
"KXNLDFOURTH-25OCT29-4","Who will finish 4th in the 2025 Netherlands general election?",41655,"Which Party wins 4th most seats in Netherlands election?","TRUE"
"PRESPARTYWV-24","Who will win West Virginia in the presidential election?",903682,"West Virginia Presidential Election Winner","TRUE"
"KXMOLDOVAPARLIAMENT-25SEP28","Who will win the 2025 Moldova parliamentary election?",24685,"Moldova Parliamentary Election","FALSE"
"KXMAYORATLANTA-25","Who will win the Mayor election in Atlanta?",33851,"Atlanta Mayoral Election","FALSE"
"KXNLDTHIRD-25OCT29-3","Who will finish 3rd in the 2025 Netherlands general election?",41654,"Which Party wins 3rd most seats in Netherlands election?","TRUE"
"KXMAYOROAKLAND-25","Who will win the Mayor election in Oakland?",11209,"Who will win San Francisco Mayor Election?","FALSE"
"PRESPARTYNH-24","Who will win New Hampshire in the presidential election?",903640,"New Hampshire Presidential Election Winner","TRUE"
"KXSPDPERCENT-25","What share of the vote will the SPD get in the German election?",15628,"SPD % of vote in German Election?","TRUE"
"KXJPHOCSECOND-25","Who will be second in the Japan House of Councillors election?",32944,"Japan House of Councillors Election: 2nd Place","TRUE"
"KXCABOUT-29","Who will be the first to leave the Trump Cabinet?",32802,"Who will be the first to leave the Trump Cabinet?","TRUE"
"KXDNCCHAIR-25DEC","Who will be the next DNC Chair?",14577,"Who will be the next DNC Chair?","TRUE"
"KXDNI-26DEC31","Who will be Trump’s Director of National Intelligence?",17448,"Who will be Trump’s Director of National Intelligence?","TRUE"
"KXEOCOUNTDAY1-25JAN20","How many Executive Orders will Trump issue on Day 1?",16504,"How many Executive Orders will Trump issue on Day 1?","TRUE"
"KXEOCOUNTDAY3-25JAN22","How many Executive Orders will Trump issue on Day 3?",17038,"How many Executive Orders will Trump issue on Day 3?","TRUE"
"KXEUTARIFFSIZE-25","How large will Trump's EU tariffs be?",17704,"How large will Trump's EU tariffs be?","TRUE"
"KXFEDCHAIRNOM-29","Who will Trump nominate as Fed Chair?",35908,"Who will Trump nominate as Fed Chair?","TRUE"
"KXJONESDROPOUT-25NOV04","Will Jay Jones drop out of the Virginia Attorney General race?",57023,"Will Jay Jones drop out of the Virginia Attorney General race?","TRUE"
"KXNATIONALE-25","Will Trump declare a national emergency in his first 100 days?",14626,"Will Trump declare a national emergency in his first 100 days?","TRUE"
"KXRECBILL-26","What will be in the next reconciliation bill?",24467,"What will be in the next reconciliation bill?","TRUE"
"KXRUBIO-25JUL01","Who will replace Marco Rubio as Florida Senator?",14446,"Who will replace Marco Rubio as Florida Senator?","TRUE"
"KXSWINGSTATES24DJT","How many swing states will Trump win?",13272,"How many swing states will Trump win?","TRUE"
"KXVANCE-26JAN01","Who will replace JD Vance as Ohio Senator?",14219,"Who will replace JD Vance as Ohio Senator?","TRUE"
"KXEOCOUNTDAY2-25JAN21","How many Executive Orders will Trump issue on Day 2?",17033,"How many Executive Orders will Trump issue on Day 2?","TRUE"
"KXSPEAKER","Who will be the Speaker of the House?",14033,"Who will be the Speaker of the House?","TRUE"
"KXJAN6PARDON-25MAY01","How many Jan 6th protestors will Trump pardon in his first 100 days?",16439,"How many Jan 6th protestors will Trump pardon in his first 100 days?","TRUE"
"KXSECAG-26DEC31","Who will be Trump's Attorney General?",14415,"Who will be Trump's Attorney General?","TRUE"
"KXRECOGSOMALI-29","Will Trump recognize Somaliland?",26081,"Will Trump recognize Somaliland in 2025?","FALSE"
"KXTRUMPPOW-26","Will Trump sue Powell?",37181,"Will Trump sue Powell by September 30?","FALSE"
"KXJOINADMINMUSK-25","Will Elon Musk Rejoin the Trump Administration this year?",26008,"Will Elon Musk rejoin the Trump Administration this year?","TRUE"
"KXHABEAS-29","Will Trump suspend habeas corpus?",24211,"Will Trump suspend habeas corpus before July?","FALSE"
"KXFBI-26DEC31","Who will be Trump's FBI Director?",14976,"Who will be Trump's FBI director?","TRUE"
"KXMELANIASUEHUNTER-26","Will Melania Trump sue Hunter Biden?",37992,"Will Melania Trump sue Hunter Biden by August 31?","FALSE"
"KXMOLDOVACOALITION-27JAN01","Which parties will be a part of the next Government of Moldova?",45054,"Which Parties will be part of next Government of the Moldova?","TRUE"
"KXWALTZCOUNT-25","How many Senators vote to confirm Mike Waltz as U.N. Ambassador?",32804,"How many senators vote to confirm Mike Waltz as UN Ambassador?","TRUE"
"KXOBERGEFELL-29","Will the Supreme Court overturn gay marriage?",37081,"Will the Supreme Court overturn gay marriage in 2025?","FALSE"
"KXDUTCHCOALITION-27JAN01","Which parties will be a part of the next Government of the Netherlands?",41438,"Which Parties will be part of next Government of the Netherlands?","TRUE"
"KXNEXTUKPM-30","Who will be the next Prime Minister of the UK?",834762,"Who will be next Prime Minister of the UK?","TRUE"
"KXTIKTOKDJT-25-JAN28","Will Trump save TikTok in his first week?",16784,"Will Trump save TikTok in first week?","TRUE"
"KXCLEANCR-26","Will the next government funding bill be a 'clean CR'?",51829,"Will the next government funding bill be a clean CR?","TRUE"
"KXSINGHSEAT-25","Will Jagmeet Singh lose their seat?",21310,"Will Jagmeet Singh lose his seat?","TRUE"
"KXCARNEYSEAT-25","Will Mark Carney lose their seat?",21597,"Will Mark Carney lose his seat?","TRUE"
"KXPOILIEVRESEAT-25","Will Pierre Poilievre lose their seat?",21598,"Will Pierre Poilievre lose his seat?","TRUE"
"KXPARIS-25","Will Trump withdraw from the Paris Agreement in his first 100 days?",14269,"Will Trump withdraw from Paris climate agreement in first 100 days?","TRUE"
"KXBLSCOMMISSIONER-25","Will EJ Antoni be confirmed as BLS Commissioner this year?",37220,"Will EJ Antoni be confirmed as BLS Commissioner in 2025?","FALSE"
"KXAUSSEATDUTTON-25","Will Peter Dutton lose his seat in the Australian election?",23335,"Will Peter Dutton lose his seat?","TRUE"
"KXAUSSEATALBANESE-25","Will Anthony Albanese lose his seat in the Australian election?",23336,"Will Anthony Albanese lose his seat?","TRUE"
"KXAOCENDORSE","Who will AOC endorse for Mayor?",24882,"Who will AOC endorse for NYC Mayor?","TRUE"
"KXALLVOTETG-25","Will every Republican Senator vote for Tulsi Gabbard?",16767,"Will every Republican Senator vote to confirm Tulsi Gabbard?","TRUE"
"KXSECHHS-26DEC31","Who will be Trump's Secretary of Health and Human Services?",14429,"Who will be Trump's Health & Human Services Secretary?","TRUE"
"KXINAUGVIEWS","How many people will view Trump's inauguration?",16500,"How many people will watch Trump inauguration?","TRUE"
"KXALLVOTEHEGSETH-25","Will every Republican Senator vote for Pete Hegseth?",16766,"Will every Republican Senator vote to confirm Pete Hegseth?","TRUE"
"KXVOTEHEGSETH-26","Which Senators will vote for Pete Hegseth?",16730,"Which Senators will vote to confirm Pete Hegseth?","TRUE"
"KXVOTECHAVEZDEREMER-26","Which Senators will vote for Lori Chavez-DeRemer?",19705,"Which Senators will vote to confirm Lori Chavez-DeRemer?","TRUE"
"KXNUNAVUT-25","Which party will win Nunavut in the Canadian election?",22052,"Which party wins Nunavut?","TRUE"
"KXSECVA-26DEC31","Who will be Trump's Secretary of Veterans Affairs?",14212,"Who will Trump pick for Secretary of Veterans Affairs?","TRUE"
"KXRFKCOUNT-25","How many Senators will vote for RFK as Secretary of HHS?",16558,"How many Senators vote to confirm RFK as Secretary of HHS?","TRUE"
"KXPATELCOUNT-25","How many Senators will vote for Kash Patel as Director of the FBI?",17245,"How many Senators vote to confirm Kash Patel as Director of the FBI?","TRUE"
"KXVOTETULSI-26","Which Senators will vote for Tulsi Gabbard?",16748,"Which Senators will vote to confirm Tulsi Gabbard?","FALSE"
"KXCUOMODROPOUT-25","Who will drop out of the NYC Mayoral race?",41689,"Who will drop out of NYC Mayor race first?","FALSE"
"KXCAPITALMOVESK-25","Will South Korea move its capital to Sejong this year?",25917,"Will South Korea move its capital to Sejong in 2025?","FALSE"
"KXEPA-26DEC31","Who will be Trump's EPA Administrator?",14215,"Who will Trump pick for EPA Administrator?","TRUE"
"KXSECSTATE-26DEC31","Who will be Trump's Secretary of State?",14185,"Who will Trump pick for Secretary of State?","TRUE"
"KXVOTEPATEL-26","Which Senators will vote for Kash Patel?",17248,"Which Senators will vote to confirm Kash Patel?","TRUE"
"KXACKMANMAYOR-25","Will Bill Ackman run for NYC Mayor?",29006,"Will Bill Ackman announce NYC mayoral run before August?","FALSE"
"KXINAUG-25","Who will be at Trump's inauguration?",14196,"Who will attend Trump inauguration?","TRUE"
"KXNEWPARTYMUSK","Will Elon Musk create a new political party this year?",26089,"Will Elon Musk create a new political party by...?","FALSE"
"KXLARGETARIFF","Will Trump impose large tariffs in his first year?",14526,"Will Trump impose large tariffs in his first 6 months?","FALSE"
"KXTRUMPNATSEC-25","Who will be Trump's National Security Advisor?",23811,"Who will Trump appoint as next National Security Advisor?","TRUE"
"KXEOCOUNTDAY1B-25JAN20","How many Executive Orders will Trump issue on Day 1? (Higher Options)",16985,"How many Executive Orders will Trump issue in his first week? (Higher Options)","TRUE"
"KXADAMSDROPOUTBY","When will Eric Adams drop out?",32434,"Will Eric Adams drop out?","FALSE"
"KXSECTRANS-26DEC31","Who will be Trump's Secretary of Transportation?",14211,"Who will Trump pick for Transportation Secretary?","TRUE"
"KXPREEMPT-25","Will President Biden issue any 'preemptive' pardons?",15939,"Will Biden issue a preemptive pardon?","TRUE"
"KXDJTAOC-26","Will Trump sue AOC in 2025?",16991,"Will Trump sue AOC before March?","FALSE"
"KXLEAVETULSIGABBARD-25JUL","Tulsi Gabbard out as United States Director of National Intelligence before Jul 2025?",27845,"Tulsi Gabbard out as United States Director of National Intelligence before July?","TRUE"
"KXEPSTEINACCUSERS-25NOV01","Who will be mentioned in Epstein survivors' list before November?",41867,"Who will be mentioned in Epstein survivors' list?","FALSE"
"KXSECED-26DEC31","Who will be Trump's Secretary of Education?",14213,"Who will Trump pick for Education Secretary?","TRUE"
"KXPARDONSTRUMP-25","How many people will Trump pardon in the first 100 days?",14178,"Who will Trump pardon in first 100 days?","FALSE"
"KXSECINT-26DEC31","Who will be Trump's Secretary of the Interior?",14207,"Who will Trump pick for Interior Secretary?","TRUE"
"KXRECNCHVOTE-26JAN01","How many votes will the next reconciliation bill get in the House?",30467,"How many votes will Reconciliation bill get in the House?","FALSE"
"KXSECENERGY-26DEC31","Who will be Trump's Secretary of Energy?",14197,"Who will Trump pick for Energy Secretary?","TRUE"
"KXTRUMPPRESS-25","Who will be Trump's Press Secretary?",14209,"Who will Trump pick as White House Press Secretary?","TRUE"
"KXYESILGOZOUT-25OCT29","Yeşilgöz out as VVD leader before Netherlands election?",38903,"Dilan Yeşilgöz out as VVD leader before Netherlands election?","TRUE"
"KXSECAGRO-26","Who will be Trump's Secretary of Agriculture?",14191,"Who will Trump pick for Agriculture Secretary?","TRUE"
"KXSECCOM-26DEC31","Who will be Trump's Secretary of Commerce?",14208,"Who will Trump pick for Commerce Secretary?","TRUE"
"KXDJTVOSTARIFFS","Will the Supreme Court rule in favor of Trump's tariffs?",41353,"Supreme Court rules in favor of Trump's tariffs?","TRUE"
"KXFDA-26DEC31","Who will be Trump’s FDA Commissioner?",14342,"Who Trump pick for FDA Commissioner?","TRUE"
"KXDJTGREENLAND-25","Will Donald Trump visit Greenland in 2025?",21626,"Will Trump visit Greenland before July?","FALSE"
"KXGREENIND-26","Will Greenland vote for independence in 2025?",16787,"Will Greenland vote for independence in 2025?","TRUE"
"KXALLVOTERFKJR-25","Will every Republican Senator vote for RFK?",16768,"Will every Republican Senator vote to confirm RFK Jr?","The questions are essentially asking the same thing with slightly different wording. Both inquire whether every Republican Senator will support RFK (Robert F. Kennedy Jr.) in a context related to voting. Therefore, they are logically equivalent.

**Answer:** TRUE"
"KXDJTJBPARDON","Will Biden pardon more people than Trump did?",15438,"Will Biden issue more pardons than Trump?","TRUE"
"KXERS-26","Will Trump create an ""External Revenue"" Service?",22985,"Will Trump create External Revenue Service before July?","FALSE"
"KXLEAVELISACOOK-26JAN","Lisa Cook Out as Fed Governor in 2025?",39671,"Lisa Cook out as Fed Governor by...?","TRUE"
"KXWLEADERPOPE-25","Will Trump meet with Pope Leo XIV before July 2025?",23944,"Will Trump meet Pope Leo XIV before August?","TRUE"
"KXWHCOS-26","Will Susie Wiles still be Trump's Chief of Staff in 2026?",14592,"Will Susie Wiles be Trump's Chief of Staff on Jan 31?","FALSE"
"KXCANELECTRICITY-25MAY","Will Ontario cut off electricity to the United States before May 2025?",20316,"Will Ontario cut off electricity to the US before May?","TRUE"
"KXSENMAJORITY","Who will be the Senate Majority Leader?",14189,"Next Senate Majority Leader?","TRUE"
"KXMAXWELLTESTIFY-26JAN","Will Ghislaine Maxwell testify in front of Congress in 2025?",32409,"Will Ghislaine Maxwell testify before Congress in 2025?","TRUE"
"KXRAWMILKBAN-26","Will RFK end the raw milk ban in 2025?",19230,"Will RFK remove raw milk ban?","TRUE"
"KXCANCOALITION-30","Next government of Canada?",21734,"Next Government of Canada","TRUE"
"KXCORPTAXCUT-26JAN01","Will Trump cut corporate taxes in 2025?",16435,"Will Trump cut corporate taxes in 2025?","TRUE"
"KXNATLEMERGENCYHOUSING-26JAN01","Will Trump issue a national emergency on housing this year?",41140,"Will Trump announce a national housing emergency in 2025?","FALSE"
"KXFORMALNOMGAETZ-25","Will Trump formally nominate Matt Gaetz for Attorney General?",14433,"Trump formally nominates Matt Gaetz for AG?","TRUE"
"KXNEXTDEF-29","Who will be Trump's next Secretary of Defense?",14430,"Who will be Trump's Defense Secretary?","TRUE"
"KXAUSTRIANATO-25","Will Austria join NATO in 2025?",34762,"Will Austria join NATO by December 31?","FALSE"
"KXLEAVEADMIN-26","Who will leave their role in Trump Administration this year?",21683,"Who will leave Trump Administration in 2025?","FALSE"
"KXCANADAPM-45","Who will be the Canadian Prime Minister after the next election?",16125,"Next Prime Minister of Canada after the election?","TRUE"
"KXROGANKH-24","Will Kamala Harris go on Joe Rogan?",13433,"Will Kamala go on Joe Rogan before election?","FALSE"
"KXHARVARDTAX-25","Will Trump revoke Harvard's tax exempt status this year?",22896,"Will Trump remove Harvard tax exempt status?","TRUE"
"KXNEXTTONGAPM-26","Who will be the next Prime Minister of Tonga?",24961,"Next Prime Minister of Tonga","TRUE"
"KXUKRAINERESIGN-26","Will Volodymyr Zelenskyy resign?",19596,"Zelensky resigns in 2025?","FALSE"
"KXDJTMUSKAPOLOGY-25","Will Trump or Elon apologize first in Jun 2025?",26482,"Will Elon or Trump apologize first?","TRUE"
"KXTRUMPNOMW-25","Will another Trump Cabinet nominee withdraw before Inauguration Day?",14661,"Another Trump Cabinet nominee withdrawn before inauguration?","TRUE"
"KXCONLEADER24","Who will be the leader of the UK Conservative Party?",11413,"Next UK leader of the Conservatives?","TRUE"
"KXNEXTSPEAKER-31","Who will be the next Speaker of the House?",902615,"Who will be the next speaker?","TRUE"
"KXVOTERFK-26","Which Senators will vote for RFK?",16747,"Which Senators will vote to confirm RFK Jr.?","FALSE"
"KXUSAKIM-29","Will Kim Jong-Un visit the US during Trump's term?",16172,"Will Kim Jong Un visit US in 2025?","FALSE"
"KXTURKEYTERMLIMITS-25","Will Erdoğan repeal presidential term limits in 2025?",21377,"Will Erdogan repeal presidential term limits?","TRUE"
"KXEXTRADITEUSISRAELTALEX-25OCT01","Will Israel extradite Tom Alexandrovich to the United States before Oct 2025?",38557,"Will Israel extradite Tom Alexandrovich to the US by September 30?","TRUE"
"KXEOCOUNTDAY1C-25JAN20","How many Executive Orders will Trump issue on Day 1? (Even Higher Options)",17152,"How many Executive Orders will Trump issue in his first week? (Lower Options)","FALSE"
"KXVOTEAGAINST","Will Mitch McConnell vote against at least one of Trump's nominees?",16751,"Will Mitch McConnell vote against a Trump cabinet pick?","TRUE"
"KXROGANDJT-24","Will Donald Trump go on Joe Rogan?",12152,"Will Trump go on Joe Rogan before election?","TRUE"
"KXTARIFFSCANADA-26","Will Trump impose new tariffs on Canada in 2025?",16997,"Will Trump impose tariffs on Canada before March?","FALSE"
"KXNGUARDCITY-25","What cities will Trump send the National Guard to in 2025?",39659,"Which cities will Trump send  the National Guard to by September 30?","FALSE"
"KXPORTUGALPM-25","Who will be the Portuguese Prime Minister after their election?",21183,"Next Prime Minister of Portugal after the 2025 election?","TRUE"
"KXCANADABLOCK-25JUN","Will Canada block Pornhub before Jun 2025?",20975,"Will Canada block Pornhub in the U.S. before May?","FALSE"
"KXCANAL-29","Will Trump take back the Panama Canal?",16527,"Trump takes Panama Canal in 2025?","TRUE"
"KXTRUMPREMOVE","Will Trump be impeached and removed from office?",16489,"Will Trump be impeached in 2025?","The correct response is FALSE. 

The two questions are not logically equivalent. Question 1 asks about the impeachment and removal of Trump from office, which is a specific event that would occur before the end of his presidential term. Question 2 asks specifically about the possibility of Trump being impeached in 2025, which is a future time point and does not inherently address the removal from office or imply any outcomes related to Question 1."
"KXMEXICOCITY-25","Will Trump reinstate the Mexico City policy on Day 1?",16765,"Trump reinstates Mexico City policy on Day 1?","TRUE"
"KXSENATESCR-26","South Carolina Republican Senate Nominee",45021,"South Carolina Republican Senate Primary Winner","FALSE"
"KXINCOMETAXCUT-26JAN01","Will Trump cut income taxes for the highest earners in 2025?",16434,"Will Trump cut taxes on high earners in 2025?","TRUE"
"KXMILSPEND-26","Will Trump try to reduce military spending in 2025?",16792,"Will Trump cut military spending?","TRUE"
"KXSECHUD-26DEC31","Who will be Trump's Secretary of Housing and Urban Development?",14200,"Who will Trump pick for HUD Secretary?","TRUE"
"KXFORMALNOMGABBARD-25","Will Trump formally nominate Tulsi Gabbard for Director of National Intelligence?",14432,"Will Trump formally nominate Tulsi Gabbard to the cabinet?","FALSE"
"KXTARIFFSMEX-26","Will Trump impose new tariffs on Mexico in 2025?",16998,"Will Trump impose tariffs on Mexico before March?","FALSE"
"KXBOLSONAROLEAVE-26","Will Jair Bolsonaro move out of Brazil this year?",33666,"Will Bolsonaro leave Brazil in 2025?","FALSE"
"CABINETTULSI-25","Tulsi Gabbard nominated to the Cabinet?",12151,"Trump nominates Tulsi Gabbard to Cabinet?","FALSE"
"KXARRESTPOWELL-26JAN","Will Jerome Powell be arrested in 2025?",33524,"Jerome Powell in jail in 2025","FALSE"
"KXCABFAIL","Will at least 3 of Trump's Cabinet nominees fail?",14828,"Will 3+ Trump cabinet picks fail to get appointed?","TRUE"
"KXIMPEACH-29","Will President Trump be impeached again?",4615,"Will Donald Trump be impeached again before the end of his term?","TRUE"
"KXTRUMPNETFAVINAUG","Will Trump have a positive favorability rating on Inauguration Day?",15605,"Trump positive favorability on inauguration day?","TRUE"
"KXRECESSCAB-25","Will Trump use recess appointments to fill any Cabinet position?",14528,"Trump uses a recess appointment for Cabinet?","TRUE"
"KXEPSTEINLIST-26","Who will be named in the Epstein files released in 2025?",18413,"Who will be named in Epstein files by June 30?","FALSE"
"KXTRUMPSNL-29","Will Trump go on SNL during his second term?",14524,"Will Trump go on SNL before inauguration?","FALSE"
"KXTARIFFEUALC-25","Will Trump launch tariffs on EU alcohol?",20831,"Trump tariff on EU alcohol before May?","TRUE"
"KXPRESNOMR-28","Republican nominee in 2028?",31875,"Republican Presidential Nominee 2028","TRUE"
"KXFORMALNOMRFK-25","Will Trump formally nominate RFK for Secretary of Health and Human Services?",14431,"Will Trump formally nominate RFK Jr. to the cabinet?","TRUE"
"KXPRESNOMD-28","Democratic nominee in 2028?",30829,"Democratic Presidential Nominee 2028","TRUE"
"CMEATBANTIME-24JUN","New state bans lab-grown meat in Jun 2024?",10661,"Another state bans lab-grown meat in May?","FALSE"
"CABINETRFK-25","Robert F. Kennedy Jr. nominated to the Cabinet?",12129,"Trump nominates RFK Jr. to Cabinet?","FALSE"
"KXNATLEMERGENCY-26JAN01","Will Trump declare another national emergency this year?",52729,"Trump declares another national emergency by December 31?","TRUE"
"KXDEMORAESIMPEACH-25","Will Alexandre de Moraes be impeached this year?",12384,"Alexandre de Moraes impeached in September?","FALSE"
"CABINETMUSK-25","Elon Musk nominated to the Cabinet?",12114,"Trump nominates Elon Musk to Cabinet?","FALSE"
"KXGABBARDCOUNT-25","How many Senators will vote for Tulsi Gabbard as Director of National Intelligence?",16560,"How many Senators vote to confirm Tulsi Gabbard?","TRUE"
"KXGULF-26","Will Trump rename the Gulf of Mexico to ""Gulf of America"" in 2025?",16484,"Trump renames Gulf of Mexico to ""Gulf of America"" in 2025?","TRUE"
"KXTIKTOKINJ","Will the Supreme Court grant TikTok's injunction against a ban?",16552,"Will Supreme Court delay the Tiktok ban?","TRUE"
"KXOAIMSFT-26","Will Open AI sue Microsoft?",27535,"Will OpenAI accuse Microsoft of violating antitrust before August?","FALSE"
"KXSPEAKERVOTE-25","How many votes will it take to elect a Speaker of the House?",16226,"How many ballots to elect next Speaker?","TRUE"
"KXVOTEDRFK","Will any Democrats vote for RFK?",17499,"Will any Democratic Senator vote to confirm RFK Jr?","FALSE"
"KXPRESCROATIA","Who will win the Croatian presidential election?",14596,"Croatia Presidential Election","FALSE"
"KXCABCOUNT-25MAR01","How many Cabinet members will Trump get confirmed before March?",14593,"How many Trump Cabinet confirmations in January?","FALSE"
"KXSENMAJLEAVE-26","Will John Thune no longer be Senate Majority Leader in 2025?",52595,"John Thune out as Senate Majority leader by October 31?","FALSE"
"KXPARDONSBIDEN-25","How many more people will Biden pardon?",15437,"Who will Biden pardon?","FALSE"
"KXPRESGHANA","Who will win the Ghanaian presidential election?",14560,"Ghana Presidential Election","FALSE"
"KXALBERTAREFYES-29","Will Alberta vote to secede from Canada before the next general election?",23593,"Will Alberta vote for independence in 2025?","FALSE

The two questions are not logically equivalent. While both questions relate to Alberta's potential secession from Canada, they refer to different time frames and phrasing. Question 1 asks about a vote before the next general election, which could happen at an unspecified time, whereas Question 2 specifically refers to a vote for independence in the year 2025. Therefore, they do not express the same proposition or its direct opposite."
"KXVOTERECNCS-26","Who will vote for the next budget reconciliation bill in the Senate?",30370,"Which senators vote for the next reconciliation bill?","TRUE"
"KX250DOLLARBILL-27","Will Trump create a $250 bill with his face on it?",19638,"Trump's face on the $250 bill before July?","FALSE"
"KXTRAVELBANS-25MAY","Which countries will Trump impose a travel ban on in the first 100 days?",15922,"Will Trump enact India travel ban in first 100 days?","FALSE"
"KXRECNCBILL-25","When will a budget reconciliation bill become law?",24879,"When will the reconciliation bill pass?","TRUE"
"KXNORWAYPM-25","Who will be the next Norwegian Prime Minister?",25330,"Next Prime Minister of Norway","TRUE"
"KXTARIFFSGLOBAL-25","Will Trump impose a general import tariff on all goods before May?",22037,"Will Trump announce a general Tariff on imports on April 2?","FALSE"
"KXARRESTMAMDANI-26JAN","Will Zohran Mamdani be arrested before Jan 2026?",29013,"Will Zohran Mamdani be deported before November?","FALSE"
"KXLAKENRILEY-26JAN01","How many votes will the Laken Riley Act receive in the Senate?",16515,"How many Democratic Senators vote for Laken Riley act?","FALSE"
"KXBIDENAMBIEN-28","Will it be reported that Joe Biden used Ambien before the 2024 presidential debate?",33522,"Joe Biden pre-debate Ambien use confirmed?","TRUE"
"KXPRESVISIT-26","What countries will Trump visit in the first year?",16817,"Which countries will Donald Trump visit in 2025?","FALSE"
"KXUSPS-26","Will Trump privatize the post office in 2025?",15618,"Will Trump privatize USPS in first 100 days?","TRUE"
"KXTARIFFSPRC-26","Will Trump impose new tariffs on China in 2025?",17326,"Will Trump impose tariffs on China before March?","FALSE"
"KXADAMSDLEAVE-25NOV04","Will Eric Adams stop being a Democrat?",41688,"Will Eric Adams drop out by...?","FALSE"
"KXDRONES-25","Are the New Jersey drones from a foreign state actor?",15377,"New Jersey mystery drones from foreign country?","TRUE"
"KXTAXWAIVE-26","Will Trump end income tax for people earning under $150k?",22865,"Trump removes income tax on individuals making <$150k?","TRUE"
"KXTARIFFCOUNTRY-26JAN01","What countries will Trump tariff in 2025?",21698,"Which countries will Trump tariff on April 2?","FALSE"
"KXROMANIABAN-27","Will Georgescu be banned from the Romanian election?",19686,"Georgescu in jail before Romanian election?","FALSE"
"KXGOVTRECOGSYRIA-25","Who will recognize the new government of Syria before Apr 2025?",15394,"Who will recognize Syrian Government by March 31?","TRUE"
"KXRETIREMM-26","Will Mitch McConnell resign his office before the midterms?",17818,"Will Mitch McConnell retire before July?","FALSE"
"KXRECESSAPPT-25","Who will Trump recess appoint?",23941,"Trump uses a recess appointment before July?","FALSE"
"KXBLOCKH1B-26JAN01","Will courts block Trump's H-1B visa proclamation this year?",47328,"Will courts block Trump's 100k H1b by...?","FALSE"
"KXPRESPOLAND","Who will win the Polish presidential election?",14874,"Poland Presidential Election","FALSE"
"KXRESTORELOCAL-25OCT","Will Trump restore local control of DC police before Oct 2025?",37078,"Trump restores local control of DC Police by August 31?","FALSE"
"KX3RDTERM-26","Will the House vote to let Trump have a 3rd term?",17175,"Bill allowing Trump 3rd term passes House before June?","TRUE"
"KXRECOGPERSONIRAN-25","Will the US recognize Reza Pahlavi as the leader of Iran in 2025?",27119,"US recognizes Reza Pahlavi as leader of Iran before August?","FALSE"
"NYCDEBITS-24","NYC Mayor gives $10k to more migrants?",903505,"Will NYC give migrant families $10,000?","TRUE"
"KXONTPARTY-25","Who will win the Ontario election?",21622,"Which Party wins most seats in Ontario?","FALSE"
"KXAUSCOALITION-25","What will the next government of Australia be?",23633,"Next Government of Australia","FALSE"
"KXBORDERBILL-25","Will Trump pass a new border law?",17907,"Will Trump pass a border/immigration law in first 100 days?","FALSE"
"KXMANCHINRUN-28MAR01","Will Joe Manchin run for president in 2028?",10896,"Will Joe Manchin run for West Virginia Governor?","FALSE"
"KXSCHUMEROUT-25","Will Chuck Schumer no longer be Senate Minority Leader in 2025?",21175,"Will Schumer remain Minority Leader through 2025?","TRUE"
"KXEOCOUNTM-25SEP01","How many Executive Orders will Trump issue in August?",16866,"How many Executive Orders will Trump issue in his first week?","FALSE"
"KXBUYBTC-25","Will the Senate pass an act to buy 1m BTC this year?",21264,"Senate passes bill to purchase 1m Bitcoin in 2025?","FALSE"
"KXPRESTALKXI-0","When will Trump next talk with Xi Jinping?",22855,"Will Xi Jinping talk to Trump before May?","FALSE"
"KXEONIL-25SEP","Will Trump issue an executive order about student-athlete NIL compensation before Sep 2025?",33322,"Will Trump sign an NIL executive order by September 1?","FALSE"
"KXHEGSETHCOUNT-25","How many Senators will vote for Pete Hegseth as Secretary of Defense?",16557,"How many Senators vote to confirm Hegseth?","TRUE"
"KXTXHOUSEDEM-25SEP","Will any Texas House Democrat be arrested in Aug 2025?",35941,"Any Texas House Democrats arrested by August 19?","TRUE"
"KXAPRPOTUSEOY-26JAN01","The President's RCP approval rating on Jan 1, 2026?",5625,"What will be Joe Biden's RCP job approval rating on January 21?","FALSE"
"KXPRESLEAVEFR-26","Will Macron leave office in 2025?",902162,"Will Macron remain President of France through July 10?","FALSE"
"KXGDPYEAR-25","GDP growth in 2025?",38001,"GDP growth in 2025","TRUE"
"KXNBERRECESSQ","When will the next US recession start?",5852,"When will the next recession happen in the US?","TRUE"
"KXBRAZILINF-25DEC-5.50","Will inflation in Brazil be below 5.50% in Dec 2025?",20390,"Brazil’s 12-month inflation below 5.50% for December 2025?","TRUE"
"KXAMERICAPROFIT-25","Will America profit in any month of 2025?",17577,"Will America be profitable any month in 2025?","TRUE"
"KXBTCMENTIONULBRICHT-25MAY29","What will Ross Ulbricht say at Bitcoin2025 Conference?",25405,"What will Ross Ulbricht say at the Bitcoin 2025 conference?","TRUE"
"KXBTCMENTIONVANCE-25MAY28","What will JD Vance say at Bitcoin2025?",24597,"What will JD Vance say during Bitcoin 2025 conference on May 28th?","TRUE"
"KXPRIVACYUPDATENYT-26","Will The New York Times update its privacy policy this year?",26273,"Will The New York Times update its privacy policy before July?","FALSE"
"KXNEWROLEX-26JAN","Who will be the next CEO of X?",31711,"Next CEO of X?","TRUE"
"VISIONPRO","Apple Vision Pro release date?",40047,"Apple Vision Pro 2 released by December 31?","FALSE"
"KXNEWROLEVOGUE-30JAN","Who will be the next Editor-in-Chief of Vogue?",32428,"Vogue next editor-in-chief?","TRUE"
"KXJONYIVEMETA-25SEP","Will Jony Ive join Meta before Sep 2025?",28386,"Will Jony Ive join Meta before August?","FALSE"
"OPENAISUIT","Elon Musk wins OpenAI lawsuit?",15472,"Will Elon Musk settle lawsuit with OpenAI before 2025?","FALSE"
"KXRELEASEIPHONE-25","Will Apple release the iPhone 17 before Sep 10, 2025?",39869,"Will Apple release iPhone 17 by September 9?","TRUE"
"KXTRUMPPHONE","Trump Mobile smartphone released before Sep 2025?",27394,"Trump Mobile smartphone released before September?","TRUE"
"ROBOTAXI-24","Tesla Robotaxi revealed on time?",10278,"Tesla Robotaxi unveiling delayed?","TRUE"
"KXAIRTAG2-25","Will Apple release the Airtag 2 in 2025?",37560,"Will Apple release AirTag 2 this year?","FALSE"
"KXLEAVEJONYIVEOAI-25","Will Jony Ive leave OpenAI in 2025?",28382,"Jony Ive out at OpenAI before August?","FALSE"
"KXAIRTAGS2PRICE-27","Will the AirTag 2 cost at least $30?",38555,"Apple AirTags 2 priced below $30 USD at release?","TRUE"
"KXLEAVEMAGUIRESEQUOIA-25","Will Shaun Maguire leave Sequoia in 2025?",31351,"Shaun Maguire out at Sequoia in 2025?","TRUE"
"KXMUSKPACKAGEVOTE-26JAN01","Will Tesla shareholders approve Elon Musk's new pay package this year?",10899,"Elon Musk's $56bn Tesla pay package approved?","TRUE"
"KXBTCMAX150-25","When will Bitcoin hit $150k?",36173,"When will Bitcoin hit $150k?","TRUE"
"KXNEWCOINCHAIN-25","What chain will Kanye launch his token on?",19280,"What chain will Kanye launch his token on?","TRUE"
"KXBTCMAX100INAUG-25","Will Bitcoin hit $100k before Trump's inauguration?",16577,"Will Bitcoin hit $100k before Trump inauguration?","TRUE"
"KXTOKENLAUNCHOPENSEA","When will OpenSea launch a token?",5825,"When will OpenSea launch their token?","TRUE"
"KXDOGEMAX69-25","Will Dogecoin hit 69¢ by Inauguration Day?",14609,"Will DOGE hit 69¢ by Inauguration Day?","TRUE"
"KXTOKENLAUNCHINFINEX-26JAN01","Will Infinex launch a token in 2025?",29397,"Will Infinex launch a token in 2025?","TRUE"
"KXAIRDROPMEGA","When will MegaETH conduct an airdrop?",29005,"MegaETH airdrop by...?","TRUE"
"KXSOLANAATH-26JAN01","Will Solana hit a new all time high in 2025?",3331,"Will Solana (SOL) reach an all-time high by January 14?","FALSE"
"KXTOKENLAUNCHAXIOM-26JAN01","Will Axiom launch a token in 2025?",40286,"Will Axiom launch a token in 2025?","TRUE"
"KXDJTNFT-25","Will Donald Trump launch an NFT in 2025?",19908,"Will Trump launch an NFT before July?","FALSE"
"KXDJTCHAIN-25","Will Donald Trump launch a new blockchain in 2025?",19907,"Will Trump launch a blockchain before July?","TRUE"
"KXFDVRAINBOW-25DEC31","What will Rainbow FDV be 1 day after launch?",48364,"Rainbow FDV above ___ one day after launch?","The two questions are not logically equivalent. Question 1 is asking for a specific value or prediction of the Rainbow FDV one day after launch, while Question 2 is inquiring whether the FDV will be above a certain unspecified threshold one day after launch. Therefore, the correct answer is FALSE."
"KXTOKENLAUNCHABSTRACT-26JAN01","Will Abstract launch a token before Jan 1, 2026?",40285,"Will Abstract launch a token in 2025?","TRUE"
"KXUSDCMIN-25DEC31","Will USDC de-peg in 2025?",901401,"Will $USDC depeg by March 31?","FALSE"
"KXELSALVADORBTC-25","When will El Salvador's Bitcoin holdings be worth $1 billion?",40091,"Will El Salvador hold $1b+ of BTC by...?","TRUE"
"KXFDVMEGAETH-27JAN01","What will MegaETH FDV be at 10:00 AM ET 1 day after launch?",28999,"MegaETH market cap (FDV) one day after launch?","TRUE"
"KXBTCE-24NOV0616","Bitcoin price day after election?",14020,"Bitcoin all time high day after election?","FALSE"
"KXUSDTMIN-25DEC31","Will Tether de-peg in 2025?",4800,"Will Tether lose its peg by November 30, 2021?","FALSE"
"KXAIRDROPPUMPFUN","When will PumpFun conduct an airdrop?",25930,"Pump.fun airdrop by ....?","TRUE"
"KXSNSBTC-25JUN","Will Steak n' Shake accept crypto as payment before Jun 2025?",20530,"Steak 'n Shake accepts Bitcoin before July?","FALSE"
"KXAIRDROPHYPE","When will Hyperliquid conduct an airdrop?",10614,"Hyperliquid airdrop by June 30?","TRUE"
"KXTREASURYMAX5-25","Will Treasury note yields hit 5% in 2025?",834777,"Will US 10-yr treasury bond yield reach 5% by November 8, 2022?","FALSE"
"KXNEWOUTBREAKPMEASLES","New Measles pandemic in 2025?",19716,"Measles pandemic before July?","FALSE"
"KXAIOPEN-26","Will an open-source AI model become top 3 in 2025?",16555,"Will an open-source AI model become Top 3 this year?","FALSE"
"KXFIELDS-26","Who will win the Fields Medal in 2026?",5820,"Who will win the 2022 Fields Medal?","FALSE"
"KXGPTS-27","Will OpenAI release GPT4.5 before GPT5?",903195,"Will OpenAI release GPT-4.5 before April?","TRUE"
"KXCHOPSTICKS-25","Will SpaceX successfully use the chopsticks to catch the next Starship SuperHeavy launch?",14461,"Will the chopsticks catch SpaceX's Super Heavy?","TRUE"
"IMOAI","AI wins IMO gold medal in 2025?",16228,"AI wins IMO gold medal in 2025?","TRUE"
"KXGROK3-25","Will Grok 3 be the best AI model at some point in 2025?",31407,"Will Grok-4 be the top AI before August?","FALSE"
"KXSTARSHIPFL","Will SpaceX's Starship launch from Florida this year?",903139,"Will SpaceX's Starship launch before March?","FALSE"
